{
	"id": "65324380-4c77-4a44-ae39-9b75e3959d0f",
	"name": "Partner Demo",
	"values": [
		{
			"key": "URL",
			"value": "https://api.flow.io",
			"enabled": true
		},
		{
			"key": "API_KEY",
			"value": "hEvRQE31b1t6zpE4PWS8G6ervvKaiAzPLQhFTx3UISSg6kPRRIPJz4bEuZQVNdUhC9dO5dVXlytkWhMOLfGVyhJw7m0x1Pec6JItnVMrfGIG2yqogLcohHkua58NOf7A",
			"enabled": true
		},
		{
			"key": "PARTNER",
			"value": "partner-demo",
			"enabled": true
		},
		{
			"key": "ORG",
			"value": "demo",
			"enabled": true
		},
		{
			"key": "DHL_FLOW_TRACKING_NUMBER",
			"value": "SF700838855610576",
			"enabled": true
		},
		{
			"key": "LANDMARK_FLOW_TRACKING_NUMBER",
			"value": "SF709342611793980",
			"enabled": true
		},
		{
			"key": "SFEXPRESS_FLOW_TRACKING_NUMBER",
			"value": null,
			"enabled": true
		}
	],
	"_postman_variable_scope": "environment",
	"_postman_exported_at": "2020-05-27T02:39:28.355Z",
	"_postman_exported_using": "Postman/7.22.1"
}